{"train_loss": 1.1437966404820301, "_timestamp": 1694255241.110705, "test_loss": 1.075617059780534, "test_acc": 0.6518, "_runtime": 84.82520294189453, "_step": 4, "_wandb": {"runtime": 84}}