{"train_loss": 2.2417721911025708, "_timestamp": 1694256204.963249, "test_loss": 2.222226726021736, "test_acc": 0.1518, "_runtime": 66.89368796348572, "_step": 4, "_wandb": {"runtime": 66}}