{"train_loss": 1.1405834450142216, "_timestamp": 1694256837.312716, "test_loss": 1.2344764125574925, "test_acc": 0.6331, "_runtime": 53.977691888809204, "_step": 4, "_wandb": {"runtime": 53}}