{"train_loss": 1.1855729482194255, "_timestamp": 1694255800.1255722, "test_loss": 1.1123613942960264, "test_acc": 0.6416, "_runtime": 55.93299412727356, "_step": 4, "_wandb": {"runtime": 55}}